ID,Name,Email,Avatar
719,Shavonne Kundeeee,shavonne.kunde@email.commm,https://robohash.org/asedvoluptatem.png?size=300x300&set=set1
9735,Andres Halvorson,andres.halvorson@email.com,https://robohash.org/laboriosamsapienteut.png?size=300x300&set=set1
7792,Werner Heathcote,werner.heathcote@email.com,https://robohash.org/rationeoptioplaceat.png?size=300x300&set=set1
9301,Marlin Turner,marlin.turner@email.com,https://robohash.org/praesentiumconsequunturitaque.png?size=300x300&set=set1
3388,Sterling Metz,sterling.metz@email.com,https://robohash.org/quianonvoluptatem.png?size=300x300&set=set1
3101,Maida Wilkinson,maida.wilkinson@email.com,https://robohash.org/voluptatemsitipsum.png?size=300x300&set=set1
8903,Xavier McLaughlin,xavier.mclaughlin@email.com,https://robohash.org/velautqui.png?size=300x300&set=set1
4494,Jacquelin Pfannerstill,jacquelin.pfannerstill@email.com,https://robohash.org/animiidsed.png?size=300x300&set=set1
9155,James Mraz,james.mraz@email.com,https://robohash.org/laborummodiimpedit.png?size=300x300&set=set1
8759,Elly Schaefer,elly.schaefer@email.com,https://robohash.org/dolorevoluptatesquia.png?size=300x300&set=set1
